{"stats":{"minecraft:crafted":{"minecraft:oak_planks":12,"minecraft:crafting_table":1,"minecraft:stick":4,"minecraft:wooden_pickaxe":1},"minecraft:picked_up":{"minecraft:stick":2,"minecraft:crafting_table":1,"minecraft:orange_terracotta":7,"minecraft:red_sand":2,"minecraft:oak_log":3,"alexsmobs:animal_dictionary":1},"minecraft:mined":{"minecraft:red_sand":1,"minecraft:oak_log":1,"minecraft:dead_bush":1,"minecraft:orange_terracotta":4,"minecraft:crafting_table":1},"minecraft:custom":{"minecraft:time_since_rest":5993,"minecraft:crouch_one_cm":461,"minecraft:sprint_one_cm":17045,"minecraft:play_time":13331,"minecraft:deaths":1,"minecraft:damage_taken":374,"minecraft:walk_one_cm":15621,"minecraft:sneak_time":190,"minecraft:jump":279,"minecraft:damage_dealt":190,"minecraft:leave_game":2,"minecraft:time_since_death":5444,"minecraft:walk_on_water_one_cm":1102,"minecraft:total_world_time":13331,"minecraft:interact_with_crafting_table":2,"minecraft:player_kills":1,"minecraft:fall_one_cm":13470,"minecraft:fly_one_cm":68880},"minecraft:killed_by":{"minecraft:player":1},"minecraft:used":{"minecraft:red_sand":1,"minecraft:crafting_table":1,"alexsmobs:animal_dictionary":2,"minecraft:wooden_pickaxe":4,"minecraft:orange_terracotta":4}},"DataVersion":3465}