{"stats":{"minecraft:mined":{"minecraft:tuff":8,"biomesoplenty:glowshroom":1,"minecraft:mossy_cobblestone":2,"minecraft:deepslate_diamond_ore":8,"minecraft:jungle_leaves":3,"biomesoplenty:desert_grass":1,"minecraft:glow_lichen":1,"minecraft:dark_oak_fence":1,"minecraft:red_sand":1,"minecraft:red_mushroom":7,"minecraft:spawner":1,"minecraft:hay_block":4,"minecraft:furnace":3,"minecraft:iron_ore":16,"minecraft:cobbled_deepslate":4,"biomemakeover:mycelium_roots":2,"minecraft:deepslate_iron_ore":16,"minecraft:rail":1,"biomesoplenty:spider_egg":4,"minecraft:stone":10,"minecraft:green_bed":3,"minecraft:sandstone_slab":1,"minecraft:oak_slab":1,"minecraft:brown_mushroom":5,"biomemakeover:green_glowshroom":1,"biomesoplenty:glowworm_silk":2,"minecraft:smoker":1,"biomesoplenty:wildflower":1,"minecraft:orange_terracotta":4,"minecraft:smooth_sandstone":1,"minecraft:crafting_table":5,"minecraft:melon":3,"minecraft:dead_bush":1,"minecraft:cobblestone":1,"minecraft:deepslate_gold_ore":1,"biomesoplenty:dead_branch":1,"minecraft:red_terracotta":1,"minecraft:blue_terracotta":2,"minecraft:mud":1,"additional_lights:fire_for_standing_torch_s":1,"biomesoplenty:glowworm_silk_strand":1,"minecraft:grass":3,"minecraft:oak_log":1,"minecraft:coal_ore":5,"biomemakeover:tall_red_mushroom":3,"minecraft:gravel":1,"minecraft:sand":1,"minecraft:dirt":1,"biomesoplenty:stringy_cobweb":2,"minecraft:deepslate":149,"biomemakeover:mycelium_sprouts":1},"minecraft:broken":{"minecraft:iron_pickaxe":1},"minecraft:killed_by":{"minecraft:player":6,"minecraft:zombie":2},"minecraft:dropped":{"minecraft:brown_mushroom":5,"biomemakeover:mycelium_roots":1,"minecraft:red_mushroom":6,"minecraft:bowl":7,"minecraft:rotten_flesh":1,"minecraft:stone_pickaxe":1},"minecraft:killed":{"mca:female_zombie_villager":1,"minecraft:spider":1,"minecraft:skeleton":5,"alexsmobs:seal":1,"alexsmobs:emu":1,"minecraft:zombie":8},"minecraft:picked_up":{"minecraft:iron_chestplate":4,"minecraft:fishing_rod":4,"minecraft:mud":1,"minecraft:charcoal":8,"minecraft:mud_brick_slab":1,"minecraft:crafting_table":17,"minecraft:wheat":17,"minecraft:sandstone_slab":5,"minecraft:brown_mushroom":5,"minecraft:lead":7,"minecraft:wooden_pickaxe":7,"alexscaves:cave_tablet":53,"minecraft:enchanted_book":21,"minecraft:string":17,"minecraft:iron_axe":5,"minecraft:iron_leggings":14,"minecraft:diamond_leggings":7,"minecraft:red_sand":4,"minecraft:candle":2,"minecraft:cobbled_deepslate":506,"minecraft:azalea":3,"minecraft:iron_pickaxe":8,"biomesoplenty:wildflower":1,"minecraft:melon_slice":13,"minecraft:egg":2,"minecraft:furnace":5,"adorn:guide_book":7,"minecraft:stick":26,"minecraft:raw_iron":46,"artifacts:charm_of_sinking":7,"minecraft:oak_fence":1,"minecraft:bowl":1,"minecraft:green_bed":18,"biomemakeover:mycelium_roots":3,"minecraft:arrow":18,"minecraft:rotten_flesh":19,"minecraft:tropical_fish":4,"minecraft:hay_block":4,"minecraft:gold_ingot":3,"minecraft:white_terracotta":1,"minecraft:glow_berries":8,"minecraft:rail":1,"minecraft:cod":3,"minecraft:cobblestone":43,"minecraft:feather":3,"travelersbackpack:melon":2,"minecraft:cut_sandstone":8,"minecraft:red_mushroom":6,"biomesoplenty:glowshroom":3,"minecraft:smoker":6,"minecraft:potato":4,"artifacts:superstitious_hat":8,"minecraft:mushroom_stew":7,"additional_lights:fire_for_standing_torch_s":1,"minecraft:tuff":7,"minecraft:oak_log":3,"minecraft:name_tag":9,"minecraft:orange_terracotta":12,"minecraft:smooth_sandstone":11,"minecraft:bone":50,"minecraft:kelp":5,"minecraft:iron_ingot":13,"minecraft:stone_pickaxe":6,"minecraft:moss_block":3,"minecraft:oak_planks":45,"minecraft:book":161,"minecraft:sculk":9,"minecraft:sand":5,"minecraft:soul_torch":16,"minecraft:ink_sac":6,"alexsmobs:animal_dictionary":8,"minecraft:red_terracotta":15,"minecraft:mossy_cobblestone":2,"biomemakeover:green_glowshroom":2,"minecraft:blue_terracotta":2,"minecraft:diamond":16,"minecraft:stone_axe":3,"minecraft:crossbow":4,"minecraft:golden_apple":2,"minecraft:gray_wool":2,"minecraft:golden_horse_armor":3,"minecraft:bread":21,"minecraft:coal":178},"minecraft:used":{"minecraft:oak_fence":1,"minecraft:moss_block":3,"minecraft:blue_terracotta":2,"minecraft:red_sand":2,"minecraft:white_terracotta":1,"minecraft:rotten_flesh":13,"minecraft:iron_chestplate":1,"minecraft:torch":19,"minecraft:iron_axe":33,"minecraft:furnace":3,"minecraft:cooked_cod":1,"minecraft:egg":2,"minecraft:potato":5,"minecraft:cobbled_deepslate":152,"minecraft:orange_terracotta":7,"minecraft:iron_leggings":1,"minecraft:oak_planks":3,"minecraft:stone_pickaxe":31,"minecraft:mud_brick_slab":1,"minecraft:wooden_pickaxe":10,"travelersbackpack:melon":1,"minecraft:green_bed":1,"minecraft:golden_apple":1,"minecraft:glow_berries":8,"minecraft:crafting_table":6,"minecraft:mushroom_stew":7,"biomesoplenty:wildflower":1,"minecraft:apple":4,"minecraft:melon_slice":11,"minecraft:bread":25,"minecraft:iron_pickaxe":271,"adorn:guide_book":2,"minecraft:stone_axe":56,"minecraft:fishing_rod":18,"minecraft:cobblestone":5,"additional_lights:fire_for_standing_torch_s":3,"minecraft:sandstone_slab":2,"alexsmobs:animal_dictionary":2,"minecraft:gray_wool":2,"minecraft:diamond_leggings":3,"minecraft:soul_torch":4},"minecraft:crafted":{"minecraft:oak_planks":12,"minecraft:furnace":2,"minecraft:iron_axe":1,"minecraft:stone_pickaxe":2,"minecraft:wheat":36,"minecraft:cooked_cod":1,"minecraft:crafting_table":2,"minecraft:wooden_pickaxe":1,"additional_lights:fire_for_standing_torch_s":2,"minecraft:stone_axe":1,"minecraft:bread":15,"minecraft:air":0,"minecraft:iron_chestplate":1,"minecraft:stick":12,"minecraft:iron_ingot":13,"minecraft:iron_pickaxe":2,"minecraft:torch":4},"minecraft:custom":{"minecraft:mob_kills":19,"minecraft:interact_with_crafting_table":20,"minecraft:open_barrel":4,"minecraft:leave_game":12,"minecraft:time_since_death":20965,"minecraft:climb_one_cm":4047,"minecraft:sprint_one_cm":398377,"minecraft:walk_one_cm":237923,"minecraft:drop":12,"minecraft:play_time":173770,"minecraft:deaths":13,"minecraft:sneak_time":13546,"minecraft:walk_under_water_one_cm":9864,"minecraft:boat_one_cm":61712,"minecraft:jump":3108,"minecraft:walk_on_water_one_cm":36082,"minecraft:total_world_time":173770,"minecraft:interact_with_furnace":20,"minecraft:interact_with_loom":1,"minecraft:sleep_in_bed":2,"minecraft:time_since_rest":20988,"minecraft:damage_taken":5915,"minecraft:damage_absorbed":10,"minecraft:damage_dealt":4594,"minecraft:swim_one_cm":40138,"minecraft:fly_one_cm":587180,"minecraft:player_kills":1,"minecraft:open_chest":19,"minecraft:crouch_one_cm":40540,"minecraft:fish_caught":1,"minecraft:fall_one_cm":120527}},"DataVersion":3465}