{"stats":{"minecraft:crafted":{"minecraft:oak_planks":12,"minecraft:crafting_table":1,"minecraft:stick":4,"minecraft:wooden_pickaxe":1,"minecraft:stone_pickaxe":1,"minecraft:stone_axe":1},"minecraft:picked_up":{"minecraft:charcoal":2,"minecraft:stick":10,"minecraft:crafting_table":4,"minecraft:sandstone_slab":1,"minecraft:feather":1,"minecraft:green_bed":2,"minecraft:wooden_pickaxe":2,"minecraft:smoker":1,"minecraft:oak_log":3,"alexsmobs:animal_dictionary":3,"minecraft:orange_terracotta":11,"minecraft:smooth_sandstone":1,"minecraft:red_sand":4,"minecraft:white_terracotta":1,"minecraft:oak_planks":6,"minecraft:coal":5,"minecraft:cobblestone":14},"minecraft:mined":{"minecraft:sandstone_slab":1,"minecraft:smoker":1,"minecraft:orange_terracotta":4,"minecraft:smooth_sandstone":1,"minecraft:crafting_table":2,"minecraft:red_sand":1,"minecraft:coal_ore":5,"minecraft:oak_log":1,"minecraft:dead_bush":1,"minecraft:stone":7,"minecraft:green_bed":2},"minecraft:custom":{"minecraft:time_since_rest":8300,"minecraft:sprint_one_cm":72206,"minecraft:damage_taken":922,"minecraft:walk_one_cm":34146,"minecraft:mob_kills":1,"minecraft:damage_dealt":410,"minecraft:interact_with_crafting_table":3,"minecraft:swim_one_cm":2800,"minecraft:fly_one_cm":108617,"minecraft:player_kills":1,"minecraft:crouch_one_cm":1410,"minecraft:play_time":24076,"minecraft:deaths":3,"minecraft:sneak_time":614,"minecraft:walk_under_water_one_cm":2410,"minecraft:boat_one_cm":61712,"minecraft:jump":550,"minecraft:walk_on_water_one_cm":6898,"minecraft:leave_game":3,"minecraft:time_since_death":8278,"minecraft:climb_one_cm":269,"minecraft:total_world_time":24076,"minecraft:fall_one_cm":22611},"minecraft:killed":{"alexsmobs:emu":1},"minecraft:killed_by":{"minecraft:player":2},"minecraft:used":{"minecraft:red_sand":1,"minecraft:bread":2,"minecraft:stone_pickaxe":9,"minecraft:wooden_pickaxe":10,"minecraft:white_terracotta":1,"minecraft:stone_axe":7,"minecraft:crafting_table":2,"alexsmobs:animal_dictionary":2,"minecraft:orange_terracotta":6}},"DataVersion":3465}