{"stats":{"minecraft:custom":{"minecraft:time_since_rest":4750,"minecraft:damage_dealt":404,"minecraft:crouch_one_cm":468,"minecraft:leave_game":3,"minecraft:play_time":12942,"minecraft:sprint_one_cm":17828,"minecraft:time_since_death":4723,"minecraft:walk_one_cm":16385,"minecraft:sneak_time":135,"minecraft:total_world_time":12942,"minecraft:mob_kills":1,"minecraft:fall_one_cm":2208,"minecraft:fly_one_cm":105338,"minecraft:deaths":1,"minecraft:jump":208},"minecraft:used":{"alexsmobs:animal_dictionary":1,"minecraft:end_portal_frame":16,"securitycraft:sentry":4,"minecraft:ender_eye":43,"alexsmobs:spawn_egg_warped_toad":1,"alexsmobs:spawn_egg_lobster":12},"minecraft:picked_up":{"securitycraft:sentry":1,"minecraft:ender_eye":18},"minecraft:killed":{"alexsmobs:fly":1}},"DataVersion":3465}