{"stats":{"minecraft:used":{"securitycraft:sentry":4,"alexsmobs:animal_dictionary":1,"alexsmobs:spawn_egg_lobster":12},"minecraft:custom":{"minecraft:jump":84,"minecraft:time_since_rest":4236,"minecraft:crouch_one_cm":69,"minecraft:damage_dealt":304,"minecraft:leave_game":1,"minecraft:sprint_one_cm":5529,"minecraft:play_time":4236,"minecraft:time_since_death":4236,"minecraft:walk_one_cm":6670,"minecraft:sneak_time":29,"minecraft:total_world_time":4236,"minecraft:fall_one_cm":2208,"minecraft:fly_one_cm":38446},"minecraft:picked_up":{"securitycraft:sentry":1}},"DataVersion":3465}