{"stats":{"minecraft:crafted":{"minecraft:oak_planks":16,"minecraft:stick":4,"minecraft:wooden_pickaxe":1},"minecraft:picked_up":{"minecraft:stick":3,"minecraft:orange_terracotta":1,"minecraft:red_sand":1,"biomemakeover:saguaro_cactus":11,"minecraft:oak_log":4,"biomemakeover:barrel_cactus":1},"minecraft:mined":{"minecraft:red_sand":2,"minecraft:oak_log":6,"minecraft:dead_bush":5,"biomemakeover:barrel_cactus":1,"biomemakeover:saguaro_cactus":1,"minecraft:orange_terracotta":4},"minecraft:custom":{"minecraft:time_since_rest":4145,"minecraft:crouch_one_cm":890,"minecraft:sprint_one_cm":27481,"minecraft:play_time":12273,"minecraft:walk_one_cm":13423,"minecraft:damage_taken":225,"minecraft:deaths":1,"minecraft:sneak_time":226,"minecraft:walk_under_water_one_cm":536,"minecraft:jump":286,"minecraft:damage_dealt":434,"minecraft:time_since_death":4121,"minecraft:walk_on_water_one_cm":822,"minecraft:total_world_time":12273,"minecraft:swim_one_cm":509,"minecraft:interact_with_crafting_table":2,"minecraft:fall_one_cm":13586,"minecraft:fly_one_cm":90514,"minecraft:player_kills":1},"minecraft:killed_by":{"minecraft:player":1},"minecraft:used":{"minecraft:red_sand":1,"alexsmobs:animal_dictionary":1,"minecraft:wooden_pickaxe":4,"minecraft:orange_terracotta":1}},"DataVersion":3465}