{"stats":{"minecraft:custom":{"minecraft:mob_kills":71,"minecraft:interact_with_crafting_table":38,"minecraft:open_barrel":10,"minecraft:leave_game":7,"minecraft:time_since_death":201022,"minecraft:climb_one_cm":3162,"minecraft:sprint_one_cm":432182,"minecraft:walk_one_cm":303183,"minecraft:damage_blocked_by_shield":50,"minecraft:drop":95,"minecraft:play_time":209174,"minecraft:sneak_time":30115,"minecraft:deaths":1,"minecraft:walk_under_water_one_cm":17557,"minecraft:boat_one_cm":63416,"minecraft:jump":4071,"minecraft:walk_on_water_one_cm":22765,"minecraft:total_world_time":209174,"minecraft:interact_with_furnace":53,"minecraft:sleep_in_bed":4,"minecraft:time_since_rest":214,"minecraft:damage_taken":3486,"minecraft:damage_dealt":15338,"minecraft:player_kills":6,"minecraft:swim_one_cm":22255,"minecraft:fly_one_cm":653905,"minecraft:open_chest":45,"minecraft:crouch_one_cm":119477,"minecraft:fall_one_cm":117834},"minecraft:killed_by":{"minecraft:player":1},"minecraft:used":{"minecraft:flint_and_steel":1,"minecraft:red_sand":2,"minecraft:chest":2,"minecraft:shield":2,"minecraft:iron_sword":274,"minecraft:torch":27,"minecraft:dirt":68,"minecraft:carrot":9,"minecraft:tuff":6,"minecraft:brown_terracotta":3,"minecraft:lava_bucket":12,"minecraft:iron_axe":3,"minecraft:furnace":3,"minecraft:cobbled_deepslate":146,"minecraft:orange_terracotta":1,"travelersbackpack:sheep":2,"minecraft:water_bucket":5,"minecraft:stone_pickaxe":54,"minecraft:oak_planks":12,"minecraft:wooden_pickaxe":13,"minecraft:green_bed":2,"travelersbackpack:melon":1,"minecraft:glow_berries":6,"minecraft:crafting_table":16,"minecraft:mushroom_stew":9,"minecraft:crossbow":16,"minecraft:shears":145,"biomemakeover:mycelium_roots":2,"minecraft:bread":61,"minecraft:iron_pickaxe":339,"minecraft:gravel":12,"biomesoplenty:palm_planks":5,"minecraft:stone_axe":105,"minecraft:cobblestone":1,"minecraft:bucket":21,"minecraft:oak_boat":2,"alexsmobs:animal_dictionary":1,"minecraft:gray_wool":136,"minecraft:diamond_leggings":1,"alexsmobs:emu_egg":3},"minecraft:dropped":{"minecraft:enchanted_book":1,"minecraft:candle":1,"biomemakeover:mycelium_roots":7,"minecraft:wheat_seeds":9,"minecraft:glow_ink_sac":2,"minecraft:golden_horse_armor":1,"minecraft:diamond_leggings":2,"minecraft:sandstone_slab":1,"minecraft:crossbow":1,"minecraft:feather":1,"minecraft:cobblestone":3,"minecraft:lead":1,"minecraft:book":46,"minecraft:rail":4,"minecraft:mushroom_stew":8,"minecraft:stick":22,"minecraft:gray_wool":7,"minecraft:sculk":6,"minecraft:dark_oak_fence":7,"minecraft:cut_sandstone":6,"travelersbackpack:melon":2,"artifacts:charm_of_sinking":1,"minecraft:mud":13,"biomesoplenty:glowshroom":1,"minecraft:smooth_sandstone":9,"minecraft:string":10,"minecraft:fishing_rod":1,"biomemakeover:green_glowshroom":1,"minecraft:gravel":1,"minecraft:furnace":1,"minecraft:moss_carpet":2,"minecraft:kelp":4,"alexsmobs:maggot":1,"minecraft:coarse_dirt":4,"minecraft:cobbled_deepslate":12,"minecraft:bowl":1,"alexscaves:cave_tablet":7,"minecraft:tuff":30,"minecraft:wheat":29,"minecraft:rotten_flesh":33,"minecraft:red_terracotta":3,"minecraft:poppy":1,"minecraft:potato":4,"minecraft:gunpowder":1,"minecraft:spider_eye":2,"minecraft:stone_pickaxe":4},"minecraft:broken":{"minecraft:stone_axe":1,"minecraft:iron_sword":1,"minecraft:iron_pickaxe":1},"minecraft:picked_up":{"minecraft:fishing_rod":1,"minecraft:mud":13,"minecraft:crafting_table":11,"minecraft:coarse_dirt":4,"minecraft:wheat":20,"minecraft:sandstone_slab":1,"minecraft:chest_minecart":1,"minecraft:brown_mushroom":35,"minecraft:lead":1,"alexscaves:cave_tablet":7,"minecraft:enchanted_book":1,"minecraft:string":29,"minecraft:moss_carpet":2,"minecraft:diamond_leggings":1,"minecraft:red_sand":2,"minecraft:candle":1,"minecraft:cobbled_deepslate":245,"minecraft:oak_boat":1,"minecraft:azalea":1,"minecraft:poppy":1,"minecraft:deepslate_tile_wall":1,"minecraft:diamond_hoe":1,"alexsmobs:leafcutter_ant_chamber":20,"minecraft:furnace":5,"minecraft:stick":15,"minecraft:raw_iron":82,"artifacts:charm_of_sinking":1,"minecraft:brown_terracotta":3,"minecraft:torch":10,"minecraft:bowl":35,"minecraft:green_bed":2,"biomemakeover:mycelium_roots":10,"biomemakeover:saguaro_cactus":11,"alexsmobs:leafcutter_ant_pupa":2,"alexsmobs:centipede_leg":3,"minecraft:dark_oak_planks":1,"minecraft:arrow":20,"minecraft:rotten_flesh":35,"biomesoplenty:palm_log":6,"minecraft:hay_block":20,"alexsmobs:emu_egg":3,"minecraft:gold_ingot":3,"minecraft:bone_block":26,"minecraft:rail":17,"minecraft:cobblestone":17,"minecraft:feather":1,"travelersbackpack:melon":2,"minecraft:glow_ink_sac":3,"minecraft:andesite":1,"minecraft:jungle_log":2,"minecraft:cut_sandstone":6,"biomesoplenty:glowshroom":1,"minecraft:red_mushroom":55,"minecraft:mushroom_stew":1,"minecraft:flint":1,"minecraft:tuff":54,"minecraft:oak_log":35,"minecraft:gunpowder":6,"minecraft:dirt":72,"minecraft:cut_sandstone_slab":1,"travelersbackpack:sheep":1,"minecraft:orange_terracotta":1,"biomemakeover:crude_fragment":4,"minecraft:smooth_sandstone":9,"minecraft:bone":14,"minecraft:kelp":4,"minecraft:bow":1,"minecraft:wheat_seeds":9,"minecraft:iron_ingot":4,"minecraft:stone_pickaxe":3,"biomemakeover:barrel_cactus":1,"minecraft:book":46,"minecraft:sculk":9,"minecraft:raw_iron_block":1,"minecraft:gravel":13,"minecraft:ink_sac":5,"minecraft:dark_oak_log":2,"minecraft:red_terracotta":3,"minecraft:spider_eye":5,"biomesoplenty:mahogany_log":2,"biomemakeover:green_glowshroom":1,"minecraft:pumpkin_seeds":4,"minecraft:diamond":11,"minecraft:crossbow":2,"minecraft:gray_wool":143,"minecraft:golden_horse_armor":1,"minecraft:emerald":2,"alexsmobs:maggot":1,"minecraft:dark_oak_fence":7,"minecraft:coal":168},"minecraft:mined":{"minecraft:dark_oak_planks":1,"biomemakeover:mycelium_sprouts":3,"minecraft:tuff":33,"minecraft:cut_sandstone_slab":1,"biomesoplenty:glowshroom":1,"minecraft:deepslate_diamond_ore":11,"minecraft:sculk_vein":3,"alexsmobs:leafcutter_anthill":1,"biomesoplenty:desert_grass":1,"minecraft:dark_oak_log":2,"minecraft:dark_oak_fence":6,"minecraft:red_sand":3,"minecraft:deepslate_tile_wall":1,"minecraft:grass_block":1,"alexsmobs:leafcutter_ant_chamber":22,"minecraft:red_mushroom":22,"minecraft:spawner":1,"biomesoplenty:dune_grass":2,"biomesoplenty:palm_log":6,"minecraft:sandstone_stairs":2,"minecraft:hay_block":20,"minecraft:raw_iron_block":1,"minecraft:furnace":2,"minecraft:iron_ore":21,"minecraft:fire":2,"minecraft:cobbled_deepslate":1,"minecraft:andesite":1,"biomesoplenty:hanging_cobweb":1,"biomemakeover:mycelium_roots":7,"minecraft:cave_vines":1,"minecraft:deepslate_iron_ore":15,"minecraft:stone":11,"biomesoplenty:spider_egg":1,"minecraft:bone_block":26,"minecraft:green_bed":1,"minecraft:sandstone_slab":2,"minecraft:mud_brick_slab":1,"minecraft:brown_mushroom":19,"minecraft:cut_sandstone":6,"travelersbackpack:melon":1,"biomemakeover:barrel_cactus":1,"minecraft:orange_terracotta":4,"biomesoplenty:hanging_cobweb_strand":1,"minecraft:oak_fence":1,"minecraft:smooth_sandstone":9,"minecraft:torch":1,"minecraft:crafting_table":11,"minecraft:poppy":1,"minecraft:dead_bush":7,"minecraft:mushroom_stem":2,"minecraft:cobblestone":4,"biomemakeover:saguaro_cactus":1,"biomesoplenty:sprout":4,"minecraft:oak_planks":2,"minecraft:sculk":3,"minecraft:wall_torch":1,"minecraft:white_terracotta":1,"minecraft:gray_wool":146,"minecraft:red_terracotta":2,"minecraft:coarse_dirt":4,"biomesoplenty:glowworm_silk_strand":1,"minecraft:grass":8,"minecraft:oak_log":36,"minecraft:coal_ore":13,"biomemakeover:tall_red_mushroom":1,"minecraft:gravel":13,"minecraft:dirt":10,"minecraft:cobweb":9,"biomemakeover:tall_brown_mushroom":1,"minecraft:oak_leaves":5,"minecraft:deepslate":240,"minecraft:fern":3},"minecraft:killed":{"minecraft:cave_spider":4,"minecraft:spider":8,"minecraft:vindicator":1,"minecraft:skeleton":15,"alexsmobs:leafcutter_ant":3,"alexsmobs:centipede_head":1,"minecraft:drowned":2,"minecraft:creeper":6,"minecraft:pillager":3,"minecraft:zombie":22,"cataclysm:deepling":1,"alexsmobs:fly":1},"minecraft:crafted":{"minecraft:oak_planks":140,"minecraft:raw_iron":9,"biomesoplenty:mahogany_planks":8,"minecraft:furnace":1,"minecraft:mushroom_stew":17,"minecraft:flint_and_steel":1,"minecraft:iron_boots":1,"minecraft:iron_axe":1,"minecraft:stone_pickaxe":1,"minecraft:chest":2,"minecraft:dark_oak_planks":8,"minecraft:wheat":180,"minecraft:crafting_table":7,"minecraft:wooden_pickaxe":1,"minecraft:iron_helmet":1,"minecraft:iron_sword":2,"minecraft:bowl":44,"minecraft:bucket":1,"minecraft:stone_axe":1,"minecraft:bread":59,"minecraft:air":0,"minecraft:jungle_planks":8,"minecraft:oak_boat":1,"minecraft:iron_chestplate":1,"minecraft:shield":1,"minecraft:stick":36,"minecraft:iron_ingot":64,"minecraft:iron_pickaxe":2,"minecraft:torch":48,"minecraft:shears":1,"biomesoplenty:palm_planks":24}},"DataVersion":3465}