{"stats":{"minecraft:crafted":{"minecraft:oak_boat":1,"minecraft:oak_planks":16,"minecraft:crafting_table":1,"minecraft:stick":4,"minecraft:wooden_pickaxe":1,"minecraft:stone_pickaxe":1,"minecraft:stone_axe":1,"minecraft:bread":21,"minecraft:wheat":72},"minecraft:picked_up":{"minecraft:stick":3,"minecraft:crafting_table":2,"minecraft:sandstone_slab":1,"minecraft:chest_minecart":1,"minecraft:brown_terracotta":3,"minecraft:cut_sandstone":4,"minecraft:torch":9,"minecraft:green_bed":1,"biomemakeover:saguaro_cactus":11,"minecraft:oak_log":4,"minecraft:string":1,"minecraft:dark_oak_planks":1,"minecraft:smooth_sandstone":9,"minecraft:orange_terracotta":1,"minecraft:pumpkin_seeds":4,"minecraft:rotten_flesh":1,"minecraft:red_sand":2,"minecraft:hay_block":8,"minecraft:oak_boat":1,"biomemakeover:barrel_cactus":1,"minecraft:coal":11,"minecraft:rail":13,"minecraft:cobblestone":9},"minecraft:mined":{"minecraft:dark_oak_planks":1,"minecraft:sandstone_slab":1,"minecraft:hay_block":8,"minecraft:white_terracotta":1,"minecraft:cut_sandstone":4,"biomemakeover:barrel_cactus":1,"minecraft:orange_terracotta":4,"minecraft:smooth_sandstone":9,"minecraft:crafting_table":2,"minecraft:cave_vines":1,"minecraft:red_sand":3,"minecraft:coal_ore":11,"minecraft:oak_log":6,"minecraft:dead_bush":5,"biomemakeover:saguaro_cactus":1,"minecraft:stone":9,"minecraft:green_bed":1,"biomesoplenty:dune_grass":2},"minecraft:custom":{"minecraft:time_since_rest":14890,"minecraft:sprint_one_cm":56099,"minecraft:damage_taken":270,"minecraft:walk_one_cm":61366,"minecraft:mob_kills":2,"minecraft:damage_dealt":892,"minecraft:interact_with_crafting_table":5,"minecraft:swim_one_cm":1680,"minecraft:fly_one_cm":115360,"minecraft:player_kills":2,"minecraft:crouch_one_cm":2573,"minecraft:play_time":23018,"minecraft:deaths":1,"minecraft:sneak_time":657,"minecraft:walk_under_water_one_cm":1237,"minecraft:boat_one_cm":63416,"minecraft:jump":490,"minecraft:leave_game":1,"minecraft:walk_on_water_one_cm":3404,"minecraft:time_since_death":14866,"minecraft:total_world_time":23018,"minecraft:fall_one_cm":18389},"minecraft:killed_by":{"minecraft:player":1},"minecraft:killed":{"minecraft:cave_spider":1,"minecraft:zombie":1},"minecraft:used":{"minecraft:brown_terracotta":3,"minecraft:red_sand":2,"minecraft:bread":1,"minecraft:stone_pickaxe":29,"minecraft:wooden_pickaxe":13,"minecraft:stone_axe":10,"minecraft:torch":5,"minecraft:glow_berries":6,"minecraft:crafting_table":3,"minecraft:oak_boat":2,"alexsmobs:animal_dictionary":1,"minecraft:orange_terracotta":1}},"DataVersion":3465}